[{"__type__":"cc.SpriteFrame","content":{"name":"Asset 3","texture":"5amAo8GPBIm5oYbapVtwej","rect":[0,0,988,806],"offset":[0,0],"originalSize":[988,806],"capInsets":[0,0,0,0]}},[{"__type__":"cc.SceneAsset","_name":"Menu","scene":{"__id__":1},"asyncLoadAssets":null},{"__type__":"cc.Scene","_name":"New Node","_children":[{"__id__":2}],"_anchorPoint":{"__type__":"cc.Vec2"},"_trs":{"__type__":"TypedArray","ctor":"Float64Array","array":[0,0,0,0,0,0,1,1,1,1]},"autoReleaseAssets":true},{"__type__":"cc.Node","_name":"Canvas","_parent":{"__id__":1},"_children":[{"__id__":3},{"__id__":4},{"__type__":"cc.Node","_name":"Time","_parent":{"__id__":2},"_trs":{"__type__":"TypedArray","ctor":"Float64Array","array":[0,0,0,0,0,0,1,1,1,1]}},{"__id__":5},{"__id__":7}],"_components":[{"__type__":"cc.Canvas","node":{"__id__":2},"_designResolution":{"__type__":"cc.Size","width":1242,"height":2208},"_fitWidth":true},{"__type__":"cc.Widget","node":{"__id__":2},"_alignFlags":45}],"_contentSize":{"__type__":"cc.Size","width":1242,"height":2208},"_trs":{"__type__":"TypedArray","ctor":"Float64Array","array":[621,1104,0,0,0,0,1,1,1,1]},"_id":"8cjz6uT2RB+qrEa1ZkPviN"},{"__type__":"cc.Node","_name":"Main Camera","_parent":{"__id__":2},"_components":[{"__type__":"cc.Camera","node":{"__id__":3},"_clearFlags":7,"_depth":-1}],"_trs":{"__type__":"TypedArray","ctor":"Float64Array","array":[0,0,1912.1840915560406,0,0,0,1,1,1,1]}},{"__type__":"cc.Node","_name":"CustomController","_parent":{"__id__":2},"_components":[{"__type__":"7ad03pCWKhG0oK5VG7pbOdM","node":{"__id__":4},"spriteBG":{"__id__":5},"spriteLogo":{"__id__":6},"spriteTheLe":{"__id__":18},"spritePhanThuong":{"__id__":24},"imgBG":{"__uuid__":"c0vleGjUBC15HJWbSpZyq6"},"imgLogo":{"__uuid__":"02dSHZjFNOY7qmTpnS2IDS"},"btnPlay":{"__id__":8},"btnTheLe":{"__id__":10},"btnPhanThuong":{"__id__":12},"imgBtnPlay":{"__uuid__":"c3ee8phWBEaIqi+3r65cod"},"imgBtnTheLe":{"__uuid__":"8e/I/WZhNERp9V1tu5v0y2"},"imgBtnPhanThuong":{"__uuid__":"73hGHyZBhLyJMxCwdeMfzJ"}}],"_trs":{"__type__":"TypedArray","ctor":"Float64Array","array":[0,0,0,0,0,0,1,1,1,1]}},{"__type__":"cc.Node","_name":"BG","_parent":{"__id__":2},"_components":[{"__type__":"cc.Sprite","node":{"__id__":5},"_materials":[{"__uuid__":"ecpdLyjvZBwrvm+cedCcQy"}],"_spriteFrame":{"__uuid__":"c0vleGjUBC15HJWbSpZyq6"}}],"_contentSize":{"__type__":"cc.Size","width":1242,"height":2208},"_trs":{"__type__":"TypedArray","ctor":"Float64Array","array":[0,0,0,0,0,0,1,1,1,1]}},{"__type__":"cc.Node","_name":"Logo","_parent":{"__id__":7},"_components":[{"__type__":"cc.Sprite","node":{"__id__":6},"_materials":[{"__uuid__":"ecpdLyjvZBwrvm+cedCcQy"}],"_spriteFrame":{"__uuid__":"02dSHZjFNOY7qmTpnS2IDS"},"_sizeMode":0}],"_contentSize":{"__type__":"cc.Size","width":982,"height":806},"_trs":{"__type__":"TypedArray","ctor":"Float64Array","array":[0,228.586,0,0,0,0,1,1,1,1]}},{"__type__":"cc.Node","_name":"Menu","_parent":{"__id__":2},"_children":[{"__id__":6},{"__id__":8},{"__id__":10},{"__id__":12},{"__id__":14},{"__id__":16}],"_components":[{"__type__":"d5dcaqLFrNJm686y6+Ce+DS","node":{"__id__":7},"popupTheLe":{"__id__":17},"popupPhanThuong":{"__id__":23},"txtTurn":{"__id__":15}}],"_trs":{"__type__":"TypedArray","ctor":"Float64Array","array":[0,0,0,0,0,0,1,1,1,1]}},{"__type__":"cc.Node","_name":"Button Play","_parent":{"__id__":7},"_children":[{"__id__":9}],"_components":[{"__type__":"cc.Button","node":{"__id__":8},"_normalMaterial":{"__uuid__":"ecpdLyjvZBwrvm+cedCcQy"},"clickEvents":[{"__type__":"cc.ClickEvent","target":{"__id__":7},"_componentId":"d5dcaqLFrNJm686y6+Ce+DS","handler":"OnClick_Play"}],"_N$transition":2,"transition":2,"_N$normalColor":{"__type__":"cc.Color","r":230,"g":230,"b":230},"_N$pressedColor":{"__type__":"cc.Color","r":200,"g":200,"b":200},"pressedColor":{"__type__":"cc.Color","r":200,"g":200,"b":200},"_N$disabledColor":{"__type__":"cc.Color","r":120,"g":120,"b":120,"a":200},"_N$normalSprite":{"__uuid__":"c3ee8phWBEaIqi+3r65cod"},"_N$pressedSprite":{"__uuid__":"c3ee8phWBEaIqi+3r65cod"},"pressedSprite":{"__uuid__":"c3ee8phWBEaIqi+3r65cod"},"_N$hoverSprite":{"__uuid__":"c3ee8phWBEaIqi+3r65cod"},"hoverSprite":{"__uuid__":"c3ee8phWBEaIqi+3r65cod"},"_N$disabledSprite":{"__uuid__":"c3ee8phWBEaIqi+3r65cod"},"_N$target":{"__id__":9}}],"_contentSize":{"__type__":"cc.Size","width":468,"height":137},"_trs":{"__type__":"TypedArray","ctor":"Float64Array","array":[0,-293.589,0,0,0,0,1,1,1,1]}},{"__type__":"cc.Node","_name":"Background","_parent":{"__id__":8},"_components":[{"__type__":"cc.Sprite","node":{"__id__":9},"_materials":[{"__uuid__":"ecpdLyjvZBwrvm+cedCcQy"}],"_spriteFrame":{"__uuid__":"c3ee8phWBEaIqi+3r65cod"},"_type":1,"_sizeMode":0},{"__type__":"cc.Widget","node":{"__id__":9},"alignMode":0,"_alignFlags":45,"_originalWidth":100,"_originalHeight":40}],"_contentSize":{"__type__":"cc.Size","width":468,"height":137},"_trs":{"__type__":"TypedArray","ctor":"Float64Array","array":[0,0,0,0,0,0,1,1,1,1]}},{"__type__":"cc.Node","_name":"The le","_parent":{"__id__":7},"_children":[{"__id__":11}],"_components":[{"__type__":"cc.Button","node":{"__id__":10},"_normalMaterial":{"__uuid__":"ecpdLyjvZBwrvm+cedCcQy"},"clickEvents":[{"__type__":"cc.ClickEvent","target":{"__id__":7},"_componentId":"d5dcaqLFrNJm686y6+Ce+DS","handler":"OnClick_TheLe"}],"_N$transition":2,"transition":2,"_N$normalColor":{"__type__":"cc.Color","r":230,"g":230,"b":230},"_N$pressedColor":{"__type__":"cc.Color","r":200,"g":200,"b":200},"pressedColor":{"__type__":"cc.Color","r":200,"g":200,"b":200},"_N$disabledColor":{"__type__":"cc.Color","r":120,"g":120,"b":120,"a":200},"_N$normalSprite":{"__uuid__":"8e/I/WZhNERp9V1tu5v0y2"},"_N$pressedSprite":{"__uuid__":"8e/I/WZhNERp9V1tu5v0y2"},"pressedSprite":{"__uuid__":"8e/I/WZhNERp9V1tu5v0y2"},"_N$hoverSprite":{"__uuid__":"8e/I/WZhNERp9V1tu5v0y2"},"hoverSprite":{"__uuid__":"8e/I/WZhNERp9V1tu5v0y2"},"_N$disabledSprite":{"__uuid__":"8e/I/WZhNERp9V1tu5v0y2"},"_N$target":{"__id__":11}}],"_contentSize":{"__type__":"cc.Size","width":302,"height":92},"_trs":{"__type__":"TypedArray","ctor":"Float64Array","array":[-400,-925,0,0,0,0,1,1,1,1]}},{"__type__":"cc.Node","_name":"Background","_parent":{"__id__":10},"_components":[{"__type__":"cc.Sprite","node":{"__id__":11},"_materials":[{"__uuid__":"ecpdLyjvZBwrvm+cedCcQy"}],"_spriteFrame":{"__uuid__":"8e/I/WZhNERp9V1tu5v0y2"},"_type":1,"_sizeMode":0},{"__type__":"cc.Widget","node":{"__id__":11},"alignMode":0,"_alignFlags":45,"_originalWidth":100,"_originalHeight":40}],"_contentSize":{"__type__":"cc.Size","width":302,"height":92},"_trs":{"__type__":"TypedArray","ctor":"Float64Array","array":[0,0,0,0,0,0,1,1,1,1]}},{"__type__":"cc.Node","_name":"Phan thuong","_parent":{"__id__":7},"_children":[{"__id__":13}],"_components":[{"__type__":"cc.Button","node":{"__id__":12},"_normalMaterial":{"__uuid__":"ecpdLyjvZBwrvm+cedCcQy"},"clickEvents":[{"__type__":"cc.ClickEvent","target":{"__id__":7},"_componentId":"d5dcaqLFrNJm686y6+Ce+DS","handler":"OnClick_PhanThuong"}],"_N$transition":2,"transition":2,"_N$normalColor":{"__type__":"cc.Color","r":230,"g":230,"b":230},"_N$pressedColor":{"__type__":"cc.Color","r":200,"g":200,"b":200},"pressedColor":{"__type__":"cc.Color","r":200,"g":200,"b":200},"_N$disabledColor":{"__type__":"cc.Color","r":120,"g":120,"b":120,"a":200},"_N$normalSprite":{"__uuid__":"73hGHyZBhLyJMxCwdeMfzJ"},"_N$pressedSprite":{"__uuid__":"73hGHyZBhLyJMxCwdeMfzJ"},"pressedSprite":{"__uuid__":"73hGHyZBhLyJMxCwdeMfzJ"},"_N$hoverSprite":{"__uuid__":"73hGHyZBhLyJMxCwdeMfzJ"},"hoverSprite":{"__uuid__":"73hGHyZBhLyJMxCwdeMfzJ"},"_N$disabledSprite":{"__uuid__":"73hGHyZBhLyJMxCwdeMfzJ"},"_N$target":{"__id__":13}}],"_contentSize":{"__type__":"cc.Size","width":302,"height":92},"_trs":{"__type__":"TypedArray","ctor":"Float64Array","array":[400,-925,0,0,0,0,1,1,1,1]}},{"__type__":"cc.Node","_name":"Background","_parent":{"__id__":12},"_components":[{"__type__":"cc.Sprite","node":{"__id__":13},"_materials":[{"__uuid__":"ecpdLyjvZBwrvm+cedCcQy"}],"_spriteFrame":{"__uuid__":"73hGHyZBhLyJMxCwdeMfzJ"},"_type":1,"_sizeMode":0},{"__type__":"cc.Widget","node":{"__id__":13},"alignMode":0,"_alignFlags":45,"_originalWidth":100,"_originalHeight":40}],"_contentSize":{"__type__":"cc.Size","width":302,"height":92},"_trs":{"__type__":"TypedArray","ctor":"Float64Array","array":[0,0,0,0,0,0,1,1,1,1]}},{"__type__":"cc.Node","_name":"txtCountPlay","_parent":{"__id__":7},"_components":[{"__id__":15}],"_color":{"__type__":"cc.Color","r":14,"g":4,"b":255},"_contentSize":{"__type__":"cc.Size","width":478.41,"height":40},"_trs":{"__type__":"TypedArray","ctor":"Float64Array","array":[0,-415.924,0,0,0,0,1,1,1,1]}},{"__type__":"cc.Label","node":{"__id__":14},"_materials":[{"__uuid__":"ecpdLyjvZBwrvm+cedCcQy"}],"_useOriginalSize":false,"_string":"BẠN CÒN 02 LƯỢT CHƠI","_N$string":"BẠN CÒN 02 LƯỢT CHƠI","_N$horizontalAlign":1,"_N$verticalAlign":1,"_N$cacheMode":2},{"__type__":"cc.Node","_name":"Popup","_parent":{"__id__":7},"_children":[{"__id__":17},{"__id__":23}],"_contentSize":{"__type__":"cc.Size","width":600,"height":1000},"_trs":{"__type__":"TypedArray","ctor":"Float64Array","array":[0,0,0,0,0,0,1,1,1,1]}},{"__type__":"cc.Node","_name":"Popup The Le","_parent":{"__id__":16},"_children":[{"__id__":18},{"__id__":20},{"__id__":22}],"_active":false,"_components":[{"__type__":"cc.Button","node":{"__id__":17}}],"_contentSize":{"__type__":"cc.Size","width":2000,"height":3000},"_trs":{"__type__":"TypedArray","ctor":"Float64Array","array":[0,0,0,0,0,0,1,1,1,1]}},{"__type__":"cc.Node","_name":"sprite The Le","_parent":{"__id__":17},"_children":[{"__id__":19}],"_components":[{"__type__":"cc.Sprite","node":{"__id__":18},"_materials":[{"__uuid__":"ecpdLyjvZBwrvm+cedCcQy"}],"_spriteFrame":{"__uuid__":"a2MjXRFdtLlYQ5ouAFv/+R"},"_sizeMode":0}],"_contentSize":{"__type__":"cc.Size","width":1000,"height":1695},"_trs":{"__type__":"TypedArray","ctor":"Float64Array","array":[0,75,0,0,0,0,1,1,1,1]}},{"__type__":"cc.Node","_name":"New Label","_parent":{"__id__":18},"_components":[{"__type__":"cc.Label","node":{"__id__":19},"_materials":[{"__uuid__":"ecpdLyjvZBwrvm+cedCcQy"}],"_useOriginalSize":false,"_string":"THE LE","_N$string":"THE LE","_fontSize":80,"_lineHeight":80,"_N$horizontalAlign":1,"_N$verticalAlign":1,"_N$overflow":3,"_N$cacheMode":2}],"_color":{"__type__":"cc.Color"},"_contentSize":{"__type__":"cc.Size","width":406,"height":80},"_trs":{"__type__":"TypedArray","ctor":"Float64Array","array":[0,687.597,0,0,0,0,1,1,1,1]}},{"__type__":"cc.Node","_name":"Close","_parent":{"__id__":17},"_children":[{"__id__":21}],"_components":[{"__type__":"cc.Button","node":{"__id__":20},"_normalMaterial":{"__uuid__":"ecpdLyjvZBwrvm+cedCcQy"},"clickEvents":[{"__type__":"cc.ClickEvent","target":{"__id__":7},"_componentId":"d5dcaqLFrNJm686y6+Ce+DS","handler":"OnClick_CloseTheLe"}],"_N$transition":2,"transition":2,"_N$normalColor":{"__type__":"cc.Color","r":230,"g":230,"b":230},"_N$pressedColor":{"__type__":"cc.Color","r":200,"g":200,"b":200},"pressedColor":{"__type__":"cc.Color","r":200,"g":200,"b":200},"_N$disabledColor":{"__type__":"cc.Color","r":120,"g":120,"b":120,"a":200},"_N$normalSprite":{"__uuid__":"a6rvsvv5ZLE6vqjxqNlpFC"},"_N$pressedSprite":{"__uuid__":"a6rvsvv5ZLE6vqjxqNlpFC"},"pressedSprite":{"__uuid__":"a6rvsvv5ZLE6vqjxqNlpFC"},"_N$hoverSprite":{"__uuid__":"a6rvsvv5ZLE6vqjxqNlpFC"},"hoverSprite":{"__uuid__":"a6rvsvv5ZLE6vqjxqNlpFC"},"_N$disabledSprite":{"__uuid__":"a6rvsvv5ZLE6vqjxqNlpFC"},"_N$target":{"__id__":21}}],"_contentSize":{"__type__":"cc.Size","width":86,"height":86},"_trs":{"__type__":"TypedArray","ctor":"Float64Array","array":[443.565,856.155,0,0,0,0,1,1,1,1]}},{"__type__":"cc.Node","_name":"Background","_parent":{"__id__":20},"_components":[{"__type__":"cc.Sprite","node":{"__id__":21},"_materials":[{"__uuid__":"ecpdLyjvZBwrvm+cedCcQy"}],"_spriteFrame":{"__uuid__":"a6rvsvv5ZLE6vqjxqNlpFC"},"_type":1,"_sizeMode":0},{"__type__":"cc.Widget","node":{"__id__":21},"alignMode":0,"_alignFlags":45,"_left":-5.838000000000003,"_right":5.838000000000003,"_top":-1.9460000000000015,"_bottom":1.9460000000000015,"_originalWidth":100,"_originalHeight":40}],"_contentSize":{"__type__":"cc.Size","width":86,"height":86},"_trs":{"__type__":"TypedArray","ctor":"Float64Array","array":[-5.838000000000001,1.945999999999998,0,0,0,0,1,1,1,1]}},{"__type__":"cc.Node","_name":"Content","_parent":{"__id__":17},"_components":[{"__type__":"cc.Label","node":{"__id__":22},"_materials":[{"__uuid__":"ecpdLyjvZBwrvm+cedCcQy"}],"_useOriginalSize":false,"_string":"#Rap_Việt được mua bản quyền từ chương trình đình đám tại Thái Lan – The Rapper, đây là format từng đạt nhiều giải thưởng vang dội như Giải thưởng truyền hình châu Á lần thứ 23 – 2018 với hạng mục Chương trình giải trí tổng hợp hay nhất, Giải thưởng sáng tạo của Viện hàn lâm châu Á 2019, Giải thưởng Zocial Awards Thái Lan 2019 - Giải thưởng giải trí hay nhất trên mạng xã hội.\n","_N$string":"#Rap_Việt được mua bản quyền từ chương trình đình đám tại Thái Lan – The Rapper, đây là format từng đạt nhiều giải thưởng vang dội như Giải thưởng truyền hình châu Á lần thứ 23 – 2018 với hạng mục Chương trình giải trí tổng hợp hay nhất, Giải thưởng sáng tạo của Viện hàn lâm châu Á 2019, Giải thưởng Zocial Awards Thái Lan 2019 - Giải thưởng giải trí hay nhất trên mạng xã hội.\n","_N$horizontalAlign":1,"_N$overflow":3,"_N$cacheMode":2}],"_color":{"__type__":"cc.Color"},"_contentSize":{"__type__":"cc.Size","width":890,"height":400},"_anchorPoint":{"__type__":"cc.Vec2","x":0.5,"y":1},"_trs":{"__type__":"TypedArray","ctor":"Float64Array","array":[0,607.148,0,0,0,0,1,1,1,1]}},{"__type__":"cc.Node","_name":"Popup Phan Thuong","_parent":{"__id__":16},"_children":[{"__id__":24},{"__id__":26},{"__id__":28}],"_active":false,"_components":[{"__type__":"cc.Button","node":{"__id__":23}}],"_contentSize":{"__type__":"cc.Size","width":2000,"height":3000},"_trs":{"__type__":"TypedArray","ctor":"Float64Array","array":[0,0,0,0,0,0,1,1,1,1]}},{"__type__":"cc.Node","_name":"Sprite Phan Thuong","_parent":{"__id__":23},"_children":[{"__id__":25}],"_components":[{"__type__":"cc.Sprite","node":{"__id__":24},"_materials":[{"__uuid__":"ecpdLyjvZBwrvm+cedCcQy"}],"_spriteFrame":{"__uuid__":"a2MjXRFdtLlYQ5ouAFv/+R"},"_sizeMode":0}],"_contentSize":{"__type__":"cc.Size","width":1000,"height":1695},"_trs":{"__type__":"TypedArray","ctor":"Float64Array","array":[0,75,0,0,0,0,1,1,1,1]}},{"__type__":"cc.Node","_name":"New Label","_parent":{"__id__":24},"_components":[{"__type__":"cc.Label","node":{"__id__":25},"_materials":[{"__uuid__":"ecpdLyjvZBwrvm+cedCcQy"}],"_useOriginalSize":false,"_string":"PHAN THUONG","_N$string":"PHAN THUONG","_fontSize":80,"_lineHeight":80,"_N$horizontalAlign":1,"_N$verticalAlign":1,"_N$overflow":3,"_N$cacheMode":2}],"_color":{"__type__":"cc.Color"},"_contentSize":{"__type__":"cc.Size","width":600,"height":80},"_trs":{"__type__":"TypedArray","ctor":"Float64Array","array":[0,687.597,0,0,0,0,1,1,1,1]}},{"__type__":"cc.Node","_name":"Close copy","_parent":{"__id__":23},"_children":[{"__id__":27}],"_components":[{"__type__":"cc.Button","node":{"__id__":26},"_normalMaterial":{"__uuid__":"ecpdLyjvZBwrvm+cedCcQy"},"clickEvents":[{"__type__":"cc.ClickEvent","target":{"__id__":7},"_componentId":"d5dcaqLFrNJm686y6+Ce+DS","handler":"OnClick_ClosePhanThuong"}],"_N$transition":2,"transition":2,"_N$normalColor":{"__type__":"cc.Color","r":230,"g":230,"b":230},"_N$pressedColor":{"__type__":"cc.Color","r":200,"g":200,"b":200},"pressedColor":{"__type__":"cc.Color","r":200,"g":200,"b":200},"_N$disabledColor":{"__type__":"cc.Color","r":120,"g":120,"b":120,"a":200},"_N$normalSprite":{"__uuid__":"a6rvsvv5ZLE6vqjxqNlpFC"},"_N$pressedSprite":{"__uuid__":"a6rvsvv5ZLE6vqjxqNlpFC"},"pressedSprite":{"__uuid__":"a6rvsvv5ZLE6vqjxqNlpFC"},"_N$hoverSprite":{"__uuid__":"a6rvsvv5ZLE6vqjxqNlpFC"},"hoverSprite":{"__uuid__":"a6rvsvv5ZLE6vqjxqNlpFC"},"_N$disabledSprite":{"__uuid__":"a6rvsvv5ZLE6vqjxqNlpFC"},"_N$target":{"__id__":27}}],"_contentSize":{"__type__":"cc.Size","width":86,"height":86},"_trs":{"__type__":"TypedArray","ctor":"Float64Array","array":[443.565,856.155,0,0,0,0,1,1,1,1]}},{"__type__":"cc.Node","_name":"Background","_parent":{"__id__":26},"_components":[{"__type__":"cc.Sprite","node":{"__id__":27},"_materials":[{"__uuid__":"ecpdLyjvZBwrvm+cedCcQy"}],"_spriteFrame":{"__uuid__":"a6rvsvv5ZLE6vqjxqNlpFC"},"_type":1,"_sizeMode":0},{"__type__":"cc.Widget","node":{"__id__":27},"alignMode":0,"_alignFlags":45,"_left":-5.838000000000003,"_right":5.838000000000003,"_top":-1.9460000000000015,"_bottom":1.9460000000000015,"_originalWidth":100,"_originalHeight":40}],"_contentSize":{"__type__":"cc.Size","width":86,"height":86},"_trs":{"__type__":"TypedArray","ctor":"Float64Array","array":[-5.838000000000001,1.945999999999998,0,0,0,0,1,1,1,1]}},{"__type__":"cc.Node","_name":"Content copy","_parent":{"__id__":23},"_components":[{"__type__":"cc.Label","node":{"__id__":28},"_materials":[{"__uuid__":"ecpdLyjvZBwrvm+cedCcQy"}],"_useOriginalSize":false,"_string":"#Rap_Việt được mua bản quyền từ chương trình đình đám tại Thái Lan – The Rapper, đây là format từng đạt nhiều giải thưởng vang dội như Giải thưởng truyền hình châu Á lần thứ 23 – 2018 với hạng mục Chương trình giải trí tổng hợp hay nhất, Giải thưởng sáng tạo của Viện hàn lâm châu Á 2019, Giải thưởng Zocial Awards Thái Lan 2019 - Giải thưởng giải trí hay nhất trên mạng xã hội.\n","_N$string":"#Rap_Việt được mua bản quyền từ chương trình đình đám tại Thái Lan – The Rapper, đây là format từng đạt nhiều giải thưởng vang dội như Giải thưởng truyền hình châu Á lần thứ 23 – 2018 với hạng mục Chương trình giải trí tổng hợp hay nhất, Giải thưởng sáng tạo của Viện hàn lâm châu Á 2019, Giải thưởng Zocial Awards Thái Lan 2019 - Giải thưởng giải trí hay nhất trên mạng xã hội.\n","_N$horizontalAlign":1,"_N$overflow":3,"_N$cacheMode":2}],"_color":{"__type__":"cc.Color"},"_contentSize":{"__type__":"cc.Size","width":890,"height":400},"_anchorPoint":{"__type__":"cc.Vec2","x":0.5,"y":1},"_trs":{"__type__":"TypedArray","ctor":"Float64Array","array":[0,607.148,0,0,0,0,1,1,1,1]}}],{"__type__":"cc.SpriteFrame","content":{"name":"Asset 2","texture":"1d7FeSZkVLV7sPEQ6eoH2a","rect":[0,0,302,92],"offset":[0,0],"originalSize":[302,92],"capInsets":[0,0,0,0]}},{"__type__":"cc.SpriteFrame","content":{"name":"Asset 1","texture":"bfIo6GT9tL7469CIE3JAG6","rect":[0,0,302,92],"offset":[0,0],"originalSize":[302,92],"capInsets":[0,0,0,0]}},{"__type__":"cc.SpriteFrame","content":{"name":"default_sprite_splash","texture":"02delMVqdBD70a/HSD99FK","rect":[0,0,2,2],"offset":[0,0],"originalSize":[2,2],"capInsets":[0,0,0,0]}},{"__type__":"cc.SpriteFrame","content":{"name":"X copy","texture":"3bPQknpDhBNILt6WLl590S","rect":[0,0,86,86],"offset":[0,0],"originalSize":[86,86],"capInsets":[0,0,0,0]}},{"__type__":"cc.SpriteFrame","content":{"name":"Covid-05","texture":"c7CqqfCmFN3ZTGxtF3NiRI","rect":[0,0,1242,2208],"offset":[0,0],"originalSize":[1242,2208],"capInsets":[0,0,0,0]}},{"__type__":"cc.SpriteFrame","content":{"name":"Asset 4","texture":"b6IEGrVxtKIoiTQIdwIoPk","rect":[0,0,468,137],"offset":[0,0],"originalSize":[468,137],"capInsets":[0,0,0,0]}}]