[{"__type__":"cc.SpriteFrame","content":{"name":"Asset 8","texture":"dcvnm8yLlAcIMec73zBGDG","rect":[0,0,54,222],"offset":[0,0],"originalSize":[54,222],"capInsets":[0,0,0,0]}},{"__type__":"cc.SpriteFrame","content":{"name":"Asset 11","texture":"48QL3jyAxK9Yi7ATuja/wS","rect":[1,0,761,467],"offset":[0.5,0],"originalSize":[762,467],"capInsets":[0,0,0,0]}},{"__type__":"cc.AnimationClip","_name":"Virus1","_duration":0.8333333333333334,"speed":0.7,"curveData":{"props":{"position":[{"frame":0,"value":[0,-199],"motionPath":[]},{"frame":0.08333333333333333,"value":[31,-46],"motionPath":[]},{"frame":0.16666666666666666,"value":[115,111],"motionPath":[]},{"frame":0.25,"value":[269,185],"motionPath":[]},{"frame":0.3333333333333333,"value":[421,116],"motionPath":[]},{"frame":0.4166666666666667,"value":[472,-62],"motionPath":[]},{"frame":0.5,"value":[414,-320],"motionPath":[]},{"frame":0.5833333333333334,"value":[193,-612],"motionPath":[]},{"frame":0.6666666666666666,"value":[-108,-925],"motionPath":[]},{"frame":0.75,"value":[-269,-1182],"motionPath":[]},{"frame":0.8333333333333334,"value":[-471,-1521],"motionPath":[]}],"eulerAngles":[{"frame":0,"value":{"__type__":"cc.Vec3","z":-1}},{"frame":0.08333333333333333,"value":{"__type__":"cc.Vec3","z":-120}},{"frame":0.16666666666666666,"value":{"__type__":"cc.Vec3","z":-240}},{"frame":0.25,"value":{"__type__":"cc.Vec3","z":-360}},{"frame":0.3333333333333333,"value":{"__type__":"cc.Vec3","z":-480}},{"frame":0.4166666666666667,"value":{"__type__":"cc.Vec3","z":-500}},{"frame":0.5,"value":{"__type__":"cc.Vec3","z":-620}},{"frame":0.5833333333333334,"value":{"__type__":"cc.Vec3","z":-740}},{"frame":0.6666666666666666,"value":{"__type__":"cc.Vec3","z":-860}},{"frame":0.75,"value":{"__type__":"cc.Vec3","z":-980}},{"frame":0.8333333333333334,"value":{"__type__":"cc.Vec3","z":-1000}}]}},"events":[{"frame":0.8333333333333334,"func":"DestroyVirus","params":[]}]},[{"__type__":"cc.Prefab","_name":"Asset 8","data":{"__id__":1}},{"__type__":"cc.Node","_name":"Asset 8","_components":[{"__type__":"cc.Sprite","node":{"__id__":1},"_materials":[{"__uuid__":"ecpdLyjvZBwrvm+cedCcQy"}],"_spriteFrame":{"__uuid__":"06gyuq/5tCOKtsq6y3Wyrw"}},{"__type__":"cc.BoxCollider","node":{"__id__":1},"_size":{"__type__":"cc.Size","width":54,"height":222}},{"__type__":"67289OJuHVJHYF1a+UyJKTk","node":{"__id__":1}}],"_prefab":{"__type__":"cc.PrefabInfo","root":{"__id__":1},"asset":{"__uuid__":"160kltATVFJZGIb/IcEqrv"},"fileId":"77N2shuGxFxrNYXs4ULaUU"},"_contentSize":{"__type__":"cc.Size","width":54,"height":222},"_trs":{"__type__":"TypedArray","ctor":"Float64Array","array":[0,1300,0,0,0,0,1,1,1,1]},"_groupIndex":2,"groupIndex":2}],{"__type__":"cc.AnimationClip","_name":"virus2","_duration":1,"speed":0.7,"curveData":{"props":{"position":[{"frame":0,"value":[0.321,130.707,0]},{"frame":0.08333333333333333,"value":[-27.544,286.784,0]},{"frame":0.16666666666666666,"value":[-110.176,374.206,0]},{"frame":0.25,"value":[-234.124,415.322,0]},{"frame":0.3333333333333333,"value":[-348.89,332.69,0]},{"frame":0.4166666666666667,"value":[-371.843,208.742,0]},{"frame":0.5,"value":[-302.983,38.888,0]},{"frame":0.5833333333333334,"value":[-192.807,-62.106,0]},{"frame":0.6666666666666666,"value":[-26.451,-236.024,0]},{"frame":0.75,"value":[132.344,-462.673,0]},{"frame":0.8333333333333334,"value":[253.33,-795.585,0]},{"frame":0.9166666666666666,"value":[359.193,-1119.144,0]},{"frame":1,"value":[454.112,-1583.192,0]}],"eulerAngles":[{"frame":0,"value":{"__type__":"cc.Vec3","z":1}},{"frame":0.08333333333333333,"value":{"__type__":"cc.Vec3","z":120}},{"frame":0.16666666666666666,"value":{"__type__":"cc.Vec3","z":240}},{"frame":0.25,"value":{"__type__":"cc.Vec3","z":360}},{"frame":0.3333333333333333,"value":{"__type__":"cc.Vec3","z":480}},{"frame":0.4166666666666667,"value":{"__type__":"cc.Vec3","z":500}},{"frame":0.5,"value":{"__type__":"cc.Vec3","z":620}},{"frame":0.5833333333333334,"value":{"__type__":"cc.Vec3","z":740}},{"frame":0.6666666666666666,"value":{"__type__":"cc.Vec3","z":860}},{"frame":0.75,"value":{"__type__":"cc.Vec3","z":980}},{"frame":0.8333333333333334,"value":{"__type__":"cc.Vec3","z":1000}},{"frame":0.9166666666666666,"value":{"__type__":"cc.Vec3","z":1120}},{"frame":1,"value":{"__type__":"cc.Vec3","z":1240}}]}},"events":[{"frame":1,"func":"DestroyVirus","params":[]}]},{"__type__":"cc.SpriteFrame","content":{"name":"Asset 13","texture":"a4ebly3FlDeq+bQGWDnVeL","rect":[5,4,592,148],"offset":[-2,1.5],"originalSize":[606,159],"capInsets":[0,0,0,0]}},[{"__type__":"cc.SceneAsset","_name":"Game","scene":{"__id__":1},"asyncLoadAssets":null},{"__type__":"cc.Scene","_name":"New Node","_children":[{"__id__":2}],"_anchorPoint":{"__type__":"cc.Vec2"},"_trs":{"__type__":"TypedArray","ctor":"Float64Array","array":[0,0,0,0,0,0,1,1,1,1]},"autoReleaseAssets":true},{"__type__":"cc.Node","_name":"Canvas","_parent":{"__id__":1},"_children":[{"__id__":3},{"__id__":4},{"__id__":5},{"__id__":6},{"__id__":20},{"__id__":27}],"_components":[{"__type__":"cc.Canvas","node":{"__id__":2},"_designResolution":{"__type__":"cc.Size","width":1242,"height":2208}},{"__type__":"cc.Widget","node":{"__id__":2},"_alignFlags":45}],"_contentSize":{"__type__":"cc.Size","width":1242,"height":2208},"_trs":{"__type__":"TypedArray","ctor":"Float64Array","array":[621,1104,0,0,0,0,1,1,1,1]},"_id":"a5esZu+45LA5mBpvttspPD"},{"__type__":"cc.Node","_name":"Main Camera","_parent":{"__id__":2},"_components":[{"__type__":"cc.Camera","node":{"__id__":3},"_clearFlags":7,"_depth":-1}],"_contentSize":{"__type__":"cc.Size","width":960,"height":640},"_trs":{"__type__":"TypedArray","ctor":"Float64Array","array":[0,0,1912.1840915560406,0,0,0,1,1,1,1]}},{"__type__":"cc.Node","_name":"BG","_parent":{"__id__":2},"_components":[{"__type__":"cc.Sprite","node":{"__id__":4},"_materials":[{"__uuid__":"ecpdLyjvZBwrvm+cedCcQy"}],"_spriteFrame":{"__uuid__":"c0vleGjUBC15HJWbSpZyq6"}}],"_contentSize":{"__type__":"cc.Size","width":1242,"height":2208},"_trs":{"__type__":"TypedArray","ctor":"Float64Array","array":[0,0,0,0,0,0,1,1,1,1]}},{"__type__":"cc.Node","_name":"GameController","_parent":{"__id__":2},"_components":[{"__type__":"343feJsYLZMdpbwVRIvu6UZ","node":{"__id__":5},"prefabParent":{"__uuid__":"e3u4LdWApNZplAMS5YtejG"},"parent":{"__id__":6},"pen":{"__uuid__":"160kltATVFJZGIb/IcEqrv"},"virus1":{"__uuid__":"ffr/XOf7pPLLp96mEp6HtT"},"virus2":{"__uuid__":"e8HRXFxOpE2qRYSBch6BH5"},"virus3":{"__uuid__":"67jnsc6vVKuqp3w6AnAswZ"},"posVirus1":{"__type__":"cc.Vec2","x":450,"y":-200},"posVirus2":{"__type__":"cc.Vec2","x":-450,"y":137.836},"posVirus3":{"__type__":"cc.Vec2","x":450,"y":525.672},"txtScore":{"__id__":13},"txtHeart":{"__id__":10},"gameOver1":{"__id__":20},"gameOver2":{"__id__":27},"popupPause":{"__id__":16},"txtTurnGameOver":{"__id__":26}}],"_trs":{"__type__":"TypedArray","ctor":"Float64Array","array":[-480,-320,0,0,0,0,1,1,1,1]}},{"__type__":"cc.Node","_name":"GamePlay","_parent":{"__id__":2},"_children":[{"__id__":7},{"__id__":16}],"_contentSize":{"__type__":"cc.Size","width":1242,"height":2208},"_trs":{"__type__":"TypedArray","ctor":"Float64Array","array":[0,0,0,0,0,0,1,1,1,1]}},{"__type__":"cc.Node","_name":"Top","_parent":{"__id__":6},"_children":[{"__id__":8},{"__id__":11},{"__id__":14}],"_trs":{"__type__":"TypedArray","ctor":"Float64Array","array":[0,41.07,0,0,0,0,1,1,1,1]}},{"__type__":"cc.Node","_name":"Heart","_parent":{"__id__":7},"_children":[{"__id__":9}],"_components":[{"__type__":"cc.Sprite","node":{"__id__":8},"_materials":[{"__uuid__":"ecpdLyjvZBwrvm+cedCcQy"}],"_spriteFrame":{"__uuid__":"a8GprsnFVMMKD64pqZ2bXF"}}],"_contentSize":{"__type__":"cc.Size","width":102,"height":88},"_trs":{"__type__":"TypedArray","ctor":"Float64Array","array":[-466.623,952.989,0,0,0,0,1,1,1,1]}},{"__type__":"cc.Node","_name":"New Label","_parent":{"__id__":8},"_components":[{"__id__":10}],"_color":{"__type__":"cc.Color"},"_contentSize":{"__type__":"cc.Size","width":73.39,"height":75.6},"_anchorPoint":{"__type__":"cc.Vec2","y":0.5},"_trs":{"__type__":"TypedArray","ctor":"Float64Array","array":[67.055,0,0,0,0,0,1,1,1,1]}},{"__type__":"cc.Label","node":{"__id__":9},"_materials":[{"__uuid__":"ecpdLyjvZBwrvm+cedCcQy"}],"_useOriginalSize":false,"_string":"X3","_N$string":"X3","_fontSize":60,"_lineHeight":60,"_N$verticalAlign":1},{"__type__":"cc.Node","_name":"Score","_parent":{"__id__":7},"_children":[{"__id__":12}],"_components":[{"__type__":"cc.Sprite","node":{"__id__":11},"_materials":[{"__uuid__":"ecpdLyjvZBwrvm+cedCcQy"}],"_spriteFrame":{"__uuid__":"a8GprsnFVMMKD64pqZ2bXF"}}],"_contentSize":{"__type__":"cc.Size","width":102,"height":88},"_trs":{"__type__":"TypedArray","ctor":"Float64Array","array":[-52.979,952.989,0,0,0,0,1,1,1,1]}},{"__type__":"cc.Node","_name":"New Label","_parent":{"__id__":11},"_components":[{"__id__":13}],"_color":{"__type__":"cc.Color"},"_contentSize":{"__type__":"cc.Size","width":133.48,"height":75.6},"_anchorPoint":{"__type__":"cc.Vec2","y":0.5},"_trs":{"__type__":"TypedArray","ctor":"Float64Array","array":[63.27,0,0,0,0,0,1,1,1,1]}},{"__type__":"cc.Label","node":{"__id__":12},"_materials":[{"__uuid__":"ecpdLyjvZBwrvm+cedCcQy"}],"_useOriginalSize":false,"_string":"1212","_N$string":"1212","_fontSize":60,"_lineHeight":60,"_N$verticalAlign":1},{"__type__":"cc.Node","_name":"Pause","_parent":{"__id__":7},"_children":[{"__id__":15}],"_components":[{"__type__":"cc.Button","node":{"__id__":14},"clickEvents":[{"__type__":"cc.ClickEvent","target":{"__id__":5},"_componentId":"343feJsYLZMdpbwVRIvu6UZ","handler":"OnClick_Pause"}],"_N$transition":2,"transition":2,"_N$normalColor":{"__type__":"cc.Color","r":230,"g":230,"b":230},"_N$pressedColor":{"__type__":"cc.Color","r":200,"g":200,"b":200},"pressedColor":{"__type__":"cc.Color","r":200,"g":200,"b":200},"_N$disabledColor":{"__type__":"cc.Color","r":120,"g":120,"b":120,"a":200},"_N$normalSprite":{"__uuid__":"d9FoD35I9LZbbVFp392LMS"},"_N$pressedSprite":{"__uuid__":"d9FoD35I9LZbbVFp392LMS"},"pressedSprite":{"__uuid__":"d9FoD35I9LZbbVFp392LMS"},"_N$hoverSprite":{"__uuid__":"d9FoD35I9LZbbVFp392LMS"},"hoverSprite":{"__uuid__":"d9FoD35I9LZbbVFp392LMS"},"_N$disabledSprite":{"__uuid__":"d9FoD35I9LZbbVFp392LMS"},"_N$target":{"__id__":15}}],"_contentSize":{"__type__":"cc.Size","width":107,"height":107},"_trs":{"__type__":"TypedArray","ctor":"Float64Array","array":[464.241,952.989,0,0,0,0,1,1,1,1]}},{"__type__":"cc.Node","_name":"Background","_parent":{"__id__":14},"_components":[{"__type__":"cc.Sprite","node":{"__id__":15},"_materials":[{"__uuid__":"ecpdLyjvZBwrvm+cedCcQy"}],"_spriteFrame":{"__uuid__":"d9FoD35I9LZbbVFp392LMS"},"_type":1,"_sizeMode":0},{"__type__":"cc.Widget","node":{"__id__":15},"alignMode":0,"_alignFlags":45,"_originalWidth":100,"_originalHeight":40}],"_contentSize":{"__type__":"cc.Size","width":107,"height":107},"_trs":{"__type__":"TypedArray","ctor":"Float64Array","array":[0,0,0,0,0,0,1,1,1,1]}},{"__type__":"cc.Node","_name":"Pause","_parent":{"__id__":6},"_children":[{"__id__":17},{"__id__":18}],"_active":false,"_components":[{"__type__":"cc.Button","node":{"__id__":16},"clickEvents":[{"__type__":"cc.ClickEvent"}]}],"_contentSize":{"__type__":"cc.Size","width":2000,"height":3000},"_trs":{"__type__":"TypedArray","ctor":"Float64Array","array":[0,0,0,0,0,0,1,1,1,1]}},{"__type__":"cc.Node","_name":"BG","_parent":{"__id__":16},"_components":[{"__type__":"cc.Sprite","node":{"__id__":17},"_materials":[{"__uuid__":"ecpdLyjvZBwrvm+cedCcQy"}],"_spriteFrame":{"__uuid__":"a2MjXRFdtLlYQ5ouAFv/+R"},"_sizeMode":0}],"_opacity":90,"_color":{"__type__":"cc.Color"},"_contentSize":{"__type__":"cc.Size","width":2000,"height":3000},"_trs":{"__type__":"TypedArray","ctor":"Float64Array","array":[0,0,0,0,0,0,1,1,1,1]}},{"__type__":"cc.Node","_name":"Play","_parent":{"__id__":16},"_children":[{"__id__":19}],"_components":[{"__type__":"cc.Button","node":{"__id__":18},"_normalMaterial":{"__uuid__":"ecpdLyjvZBwrvm+cedCcQy"},"clickEvents":[{"__type__":"cc.ClickEvent","target":{"__id__":5},"_componentId":"343feJsYLZMdpbwVRIvu6UZ","handler":"OnClick_Resume"}],"_N$transition":2,"transition":2,"_N$normalColor":{"__type__":"cc.Color","r":230,"g":230,"b":230},"_N$pressedColor":{"__type__":"cc.Color","r":200,"g":200,"b":200},"pressedColor":{"__type__":"cc.Color","r":200,"g":200,"b":200},"_N$disabledColor":{"__type__":"cc.Color","r":120,"g":120,"b":120,"a":200},"_N$normalSprite":{"__uuid__":"c3ee8phWBEaIqi+3r65cod"},"_N$target":{"__id__":19}}],"_contentSize":{"__type__":"cc.Size","width":468,"height":137},"_trs":{"__type__":"TypedArray","ctor":"Float64Array","array":[0,-293.589,0,0,0,0,1,1,1,1]}},{"__type__":"cc.Node","_name":"Background","_parent":{"__id__":18},"_components":[{"__type__":"cc.Sprite","node":{"__id__":19},"_materials":[{"__uuid__":"ecpdLyjvZBwrvm+cedCcQy"}],"_spriteFrame":{"__uuid__":"c3ee8phWBEaIqi+3r65cod"},"_type":1,"_sizeMode":0},{"__type__":"cc.Widget","node":{"__id__":19},"alignMode":0,"_alignFlags":45,"_originalWidth":100,"_originalHeight":40}],"_contentSize":{"__type__":"cc.Size","width":468,"height":137},"_trs":{"__type__":"TypedArray","ctor":"Float64Array","array":[0,0,0,0,0,0,1,1,1,1]}},{"__type__":"cc.Node","_name":"GameOver1","_parent":{"__id__":2},"_children":[{"__id__":21},{"__id__":22},{"__id__":23},{"__id__":25}],"_active":false,"_components":[{"__type__":"cc.Button","node":{"__id__":20}}],"_contentSize":{"__type__":"cc.Size","width":2000,"height":3000},"_trs":{"__type__":"TypedArray","ctor":"Float64Array","array":[0,0,0,0,0,0,1,1,1,1]}},{"__type__":"cc.Node","_name":"BG copy","_parent":{"__id__":20},"_components":[{"__type__":"cc.Sprite","node":{"__id__":21},"_materials":[{"__uuid__":"ecpdLyjvZBwrvm+cedCcQy"}],"_spriteFrame":{"__uuid__":"c0vleGjUBC15HJWbSpZyq6"}}],"_contentSize":{"__type__":"cc.Size","width":1242,"height":2208},"_trs":{"__type__":"TypedArray","ctor":"Float64Array","array":[0,0,0,0,0,0,1,1,1,1]}},{"__type__":"cc.Node","_name":"Icon","_parent":{"__id__":20},"_components":[{"__type__":"cc.Sprite","node":{"__id__":22},"_materials":[{"__uuid__":"ecpdLyjvZBwrvm+cedCcQy"}],"_spriteFrame":{"__uuid__":"13Uoygf2pCz6viG/Be0EqM"}}],"_contentSize":{"__type__":"cc.Size","width":761,"height":467},"_trs":{"__type__":"TypedArray","ctor":"Float64Array","array":[0,34.776,0,0,0,0,1,1,1,1]}},{"__type__":"cc.Node","_name":"Play again","_parent":{"__id__":20},"_children":[{"__id__":24}],"_components":[{"__type__":"cc.Button","node":{"__id__":23},"_normalMaterial":{"__uuid__":"ecpdLyjvZBwrvm+cedCcQy"},"clickEvents":[{"__type__":"cc.ClickEvent","target":{"__id__":5},"_componentId":"343feJsYLZMdpbwVRIvu6UZ","handler":"OnClick_RePlay"}],"_N$transition":2,"transition":2,"_N$normalColor":{"__type__":"cc.Color","r":230,"g":230,"b":230},"_N$pressedColor":{"__type__":"cc.Color","r":200,"g":200,"b":200},"pressedColor":{"__type__":"cc.Color","r":200,"g":200,"b":200},"_N$disabledColor":{"__type__":"cc.Color","r":120,"g":120,"b":120,"a":200},"_N$normalSprite":{"__uuid__":"62/UECJ19HH4B4Nb9rUsgc"},"_N$pressedSprite":{"__uuid__":"62/UECJ19HH4B4Nb9rUsgc"},"pressedSprite":{"__uuid__":"62/UECJ19HH4B4Nb9rUsgc"},"_N$hoverSprite":{"__uuid__":"62/UECJ19HH4B4Nb9rUsgc"},"hoverSprite":{"__uuid__":"62/UECJ19HH4B4Nb9rUsgc"},"_N$disabledSprite":{"__uuid__":"62/UECJ19HH4B4Nb9rUsgc"},"_N$target":{"__id__":24}}],"_contentSize":{"__type__":"cc.Size","width":468,"height":138},"_trs":{"__type__":"TypedArray","ctor":"Float64Array","array":[0,-302.283,0,0,0,0,1,1,1,1]}},{"__type__":"cc.Node","_name":"Background","_parent":{"__id__":23},"_components":[{"__type__":"cc.Sprite","node":{"__id__":24},"_materials":[{"__uuid__":"ecpdLyjvZBwrvm+cedCcQy"}],"_spriteFrame":{"__uuid__":"62/UECJ19HH4B4Nb9rUsgc"},"_type":1,"_sizeMode":0},{"__type__":"cc.Widget","node":{"__id__":24},"alignMode":0,"_alignFlags":45,"_originalWidth":100,"_originalHeight":40}],"_contentSize":{"__type__":"cc.Size","width":468,"height":138},"_trs":{"__type__":"TypedArray","ctor":"Float64Array","array":[0,0,0,0,0,0,1,1,1,1]}},{"__type__":"cc.Node","_name":"txtCountPlay copy","_parent":{"__id__":20},"_components":[{"__id__":26}],"_color":{"__type__":"cc.Color","r":14,"g":4,"b":255},"_contentSize":{"__type__":"cc.Size","width":478.41,"height":40},"_trs":{"__type__":"TypedArray","ctor":"Float64Array","array":[0,-415.924,0,0,0,0,1,1,1,1]}},{"__type__":"cc.Label","node":{"__id__":25},"_materials":[{"__uuid__":"ecpdLyjvZBwrvm+cedCcQy"}],"_useOriginalSize":false,"_string":"BẠN CÒN 02 LƯỢT CHƠI","_N$string":"BẠN CÒN 02 LƯỢT CHƠI","_N$horizontalAlign":1,"_N$verticalAlign":1,"_N$cacheMode":2},{"__type__":"cc.Node","_name":"GameOver2","_parent":{"__id__":2},"_children":[{"__id__":28},{"__id__":29},{"__id__":30},{"__id__":32},{"__id__":34},{"__id__":36}],"_active":false,"_components":[{"__type__":"cc.Button","node":{"__id__":27}}],"_contentSize":{"__type__":"cc.Size","width":2000,"height":3000},"_trs":{"__type__":"TypedArray","ctor":"Float64Array","array":[0,0,0,0,0,0,1,1,1,1]}},{"__type__":"cc.Node","_name":"BG copy","_parent":{"__id__":27},"_components":[{"__type__":"cc.Sprite","node":{"__id__":28},"_materials":[{"__uuid__":"ecpdLyjvZBwrvm+cedCcQy"}],"_spriteFrame":{"__uuid__":"c0vleGjUBC15HJWbSpZyq6"}}],"_contentSize":{"__type__":"cc.Size","width":1242,"height":2208},"_trs":{"__type__":"TypedArray","ctor":"Float64Array","array":[0,0,0,0,0,0,1,1,1,1]}},{"__type__":"cc.Node","_name":"Icon","_parent":{"__id__":27},"_components":[{"__type__":"cc.Sprite","node":{"__id__":29},"_materials":[{"__uuid__":"ecpdLyjvZBwrvm+cedCcQy"}],"_spriteFrame":{"__uuid__":"13Uoygf2pCz6viG/Be0EqM"}}],"_contentSize":{"__type__":"cc.Size","width":761,"height":467},"_trs":{"__type__":"TypedArray","ctor":"Float64Array","array":[0,34.776,0,0,0,0,1,1,1,1]}},{"__type__":"cc.Node","_name":"FB","_parent":{"__id__":27},"_children":[{"__id__":31}],"_components":[{"__type__":"cc.Button","node":{"__id__":30},"_normalMaterial":{"__uuid__":"ecpdLyjvZBwrvm+cedCcQy"},"clickEvents":[{"__type__":"cc.ClickEvent","_componentId":"d5dcaqLFrNJm686y6+Ce+DS","handler":"OnClick_Play"}],"_N$transition":2,"transition":2,"_N$normalColor":{"__type__":"cc.Color","r":230,"g":230,"b":230},"_N$pressedColor":{"__type__":"cc.Color","r":200,"g":200,"b":200},"pressedColor":{"__type__":"cc.Color","r":200,"g":200,"b":200},"_N$disabledColor":{"__type__":"cc.Color","r":120,"g":120,"b":120,"a":200},"_N$normalSprite":{"__uuid__":"4eTv3IydFHVqAj/IwrQlhb"},"_N$pressedSprite":{"__uuid__":"4eTv3IydFHVqAj/IwrQlhb"},"pressedSprite":{"__uuid__":"4eTv3IydFHVqAj/IwrQlhb"},"_N$hoverSprite":{"__uuid__":"4eTv3IydFHVqAj/IwrQlhb"},"hoverSprite":{"__uuid__":"4eTv3IydFHVqAj/IwrQlhb"},"_N$disabledSprite":{"__uuid__":"4eTv3IydFHVqAj/IwrQlhb"},"_N$target":{"__id__":31}}],"_contentSize":{"__type__":"cc.Size","width":606,"height":159},"_trs":{"__type__":"TypedArray","ctor":"Float64Array","array":[0,-310.129,0,0,0,0,1,1,1,1]}},{"__type__":"cc.Node","_name":"Background","_parent":{"__id__":30},"_components":[{"__type__":"cc.Sprite","node":{"__id__":31},"_materials":[{"__uuid__":"ecpdLyjvZBwrvm+cedCcQy"}],"_spriteFrame":{"__uuid__":"4eTv3IydFHVqAj/IwrQlhb"},"_type":1,"_sizeMode":0},{"__type__":"cc.Widget","node":{"__id__":31},"alignMode":0,"_alignFlags":45,"_originalWidth":100,"_originalHeight":40}],"_contentSize":{"__type__":"cc.Size","width":606,"height":159},"_trs":{"__type__":"TypedArray","ctor":"Float64Array","array":[0,0,0,0,0,0,1,1,1,1]}},{"__type__":"cc.Node","_name":"Mes","_parent":{"__id__":27},"_children":[{"__id__":33}],"_components":[{"__type__":"cc.Button","node":{"__id__":32},"_normalMaterial":{"__uuid__":"ecpdLyjvZBwrvm+cedCcQy"},"clickEvents":[{"__type__":"cc.ClickEvent","_componentId":"d5dcaqLFrNJm686y6+Ce+DS","handler":"OnClick_Play"}],"_N$transition":2,"transition":2,"_N$normalColor":{"__type__":"cc.Color","r":230,"g":230,"b":230},"_N$pressedColor":{"__type__":"cc.Color","r":200,"g":200,"b":200},"pressedColor":{"__type__":"cc.Color","r":200,"g":200,"b":200},"_N$disabledColor":{"__type__":"cc.Color","r":120,"g":120,"b":120,"a":200},"_N$normalSprite":{"__uuid__":"a4uNpfYu1C54/1eGuVB9qE"},"_N$pressedSprite":{"__uuid__":"a4uNpfYu1C54/1eGuVB9qE"},"pressedSprite":{"__uuid__":"a4uNpfYu1C54/1eGuVB9qE"},"_N$hoverSprite":{"__uuid__":"a4uNpfYu1C54/1eGuVB9qE"},"hoverSprite":{"__uuid__":"a4uNpfYu1C54/1eGuVB9qE"},"_N$disabledSprite":{"__uuid__":"a4uNpfYu1C54/1eGuVB9qE"},"_N$target":{"__id__":33}}],"_contentSize":{"__type__":"cc.Size","width":606,"height":159},"_trs":{"__type__":"TypedArray","ctor":"Float64Array","array":[0,-476.467,0,0,0,0,1,1,1,1]}},{"__type__":"cc.Node","_name":"Background","_parent":{"__id__":32},"_components":[{"__type__":"cc.Sprite","node":{"__id__":33},"_materials":[{"__uuid__":"ecpdLyjvZBwrvm+cedCcQy"}],"_spriteFrame":{"__uuid__":"a4uNpfYu1C54/1eGuVB9qE"},"_type":1,"_sizeMode":0},{"__type__":"cc.Widget","node":{"__id__":33},"alignMode":0,"_alignFlags":45,"_originalWidth":100,"_originalHeight":40}],"_contentSize":{"__type__":"cc.Size","width":606,"height":159},"_trs":{"__type__":"TypedArray","ctor":"Float64Array","array":[0,0,0,0,0,0,1,1,1,1]}},{"__type__":"cc.Node","_name":"Close","_parent":{"__id__":27},"_children":[{"__id__":35}],"_components":[{"__type__":"cc.Button","node":{"__id__":34},"_normalMaterial":{"__uuid__":"ecpdLyjvZBwrvm+cedCcQy"},"clickEvents":[{"__type__":"cc.ClickEvent","_componentId":"d5dcaqLFrNJm686y6+Ce+DS","handler":"OnClick_Play"}],"_N$transition":2,"transition":2,"_N$normalColor":{"__type__":"cc.Color","r":230,"g":230,"b":230},"_N$pressedColor":{"__type__":"cc.Color","r":200,"g":200,"b":200},"pressedColor":{"__type__":"cc.Color","r":200,"g":200,"b":200},"_N$disabledColor":{"__type__":"cc.Color","r":120,"g":120,"b":120,"a":200},"_N$normalSprite":{"__uuid__":"f3hBZ+yHNJJYoXONTsNYwm"},"_N$pressedSprite":{"__uuid__":"f3hBZ+yHNJJYoXONTsNYwm"},"pressedSprite":{"__uuid__":"f3hBZ+yHNJJYoXONTsNYwm"},"_N$target":{"__id__":35}}],"_contentSize":{"__type__":"cc.Size","width":468,"height":138},"_trs":{"__type__":"TypedArray","ctor":"Float64Array","array":[0,-640.889,0,0,0,0,1,1,1,1]}},{"__type__":"cc.Node","_name":"Background","_parent":{"__id__":34},"_components":[{"__type__":"cc.Sprite","node":{"__id__":35},"_materials":[{"__uuid__":"ecpdLyjvZBwrvm+cedCcQy"}],"_spriteFrame":{"__uuid__":"f3hBZ+yHNJJYoXONTsNYwm"},"_type":1,"_sizeMode":0},{"__type__":"cc.Widget","node":{"__id__":35},"alignMode":0,"_alignFlags":45,"_originalWidth":100,"_originalHeight":40}],"_contentSize":{"__type__":"cc.Size","width":468,"height":138},"_trs":{"__type__":"TypedArray","ctor":"Float64Array","array":[0,0,0,0,0,0,1,1,1,1]}},{"__type__":"cc.Node","_name":"txtCountPlay copy","_parent":{"__id__":27},"_components":[{"__type__":"cc.Label","node":{"__id__":36},"_materials":[{"__uuid__":"ecpdLyjvZBwrvm+cedCcQy"}],"_useOriginalSize":false,"_string":"(30S)","_N$string":"(30S)","_N$horizontalAlign":1,"_N$verticalAlign":1,"_N$cacheMode":2}],"_color":{"__type__":"cc.Color","r":14,"g":4,"b":255},"_contentSize":{"__type__":"cc.Size","width":97.82,"height":40},"_trs":{"__type__":"TypedArray","ctor":"Float64Array","array":[0,-754.53,0,0,0,0,1,1,1,1]}}],{"__type__":"cc.SpriteFrame","content":{"name":"Asset 12","texture":"acjWnnfh1IRagikR/vTeai","rect":[0,0,468,138],"offset":[0,0],"originalSize":[468,138],"capInsets":[0,0,0,0]}},[{"__type__":"cc.Prefab","_name":"Virus3","data":{"__id__":1}},{"__type__":"cc.Node","_name":"Virus3","_components":[{"__type__":"cc.Sprite","node":{"__id__":1},"_materials":[{"__uuid__":"ecpdLyjvZBwrvm+cedCcQy"}],"_spriteFrame":{"__uuid__":"ff2H4Mvf9Gt7STaTrVlI5v"}},{"__type__":"cc.CircleCollider","node":{"__id__":1},"tag":1,"_radius":120},{"__type__":"0eee1L8D6dNCrX5WxAaRAIr","node":{"__id__":1},"posXMin":-450,"posXMax":450,"score":20,"startMove":1},{"__type__":"cc.Animation","node":{"__id__":1},"_defaultClip":{"__uuid__":"6eVXaU9EFJDr6zFeygRTZN"},"_clips":[{"__uuid__":"6eVXaU9EFJDr6zFeygRTZN"}]}],"_prefab":{"__type__":"cc.PrefabInfo","root":{"__id__":1},"asset":{"__uuid__":"67jnsc6vVKuqp3w6AnAswZ"},"fileId":"17rD6G6a9A0Y7sFpLu2Fwt"},"_contentSize":{"__type__":"cc.Size","width":305,"height":289},"_trs":{"__type__":"TypedArray","ctor":"Float64Array","array":[0,468.949,0,0,0,-0.008726535498373935,0.9999619230641713,1,1,1]},"_eulerAngles":{"__type__":"cc.Vec3","z":-1},"_groupIndex":1,"groupIndex":1}],{"__type__":"cc.AnimationClip","_name":"Virus3","_duration":0.9333333333333333,"speed":0.7,"curveData":{"props":{"position":[{"frame":0,"value":[0,468.949,0]},{"frame":0.08333333333333333,"value":[28,673],"motionPath":[]},{"frame":0.16666666666666666,"value":[64,838],"motionPath":[]},{"frame":0.25,"value":[156,976],"motionPath":[]},{"frame":0.3333333333333333,"value":[271,958],"motionPath":[]},{"frame":0.4166666666666667,"value":[313,815],"motionPath":[]},{"frame":0.5,"value":[307.959,589.585,0]},{"frame":0.5833333333333334,"value":[285.274,302.243,0]},{"frame":0.6666666666666666,"value":[277.712,-53.154,0]},{"frame":0.75,"value":[262.589,-378.305,0]},{"frame":0.8333333333333334,"value":[239.904,-816.88,0]},{"frame":0.9166666666666666,"value":[209.658,-1338.634,0]}],"eulerAngles":[{"frame":0,"value":{"__type__":"cc.Vec3","z":-1}},{"frame":0.08333333333333333,"value":{"__type__":"cc.Vec3","z":-120}},{"frame":0.16666666666666666,"value":{"__type__":"cc.Vec3","z":-240}},{"frame":0.25,"value":{"__type__":"cc.Vec3","z":-360}},{"frame":0.3333333333333333,"value":{"__type__":"cc.Vec3","z":-480}},{"frame":0.4166666666666667,"value":{"__type__":"cc.Vec3","z":-600}},{"frame":0.5,"value":{"__type__":"cc.Vec3","z":-720}},{"frame":0.5833333333333334,"value":{"__type__":"cc.Vec3","z":-840}},{"frame":0.6666666666666666,"value":{"__type__":"cc.Vec3","z":-960}},{"frame":0.75,"value":{"__type__":"cc.Vec3","z":-1080}},{"frame":0.8333333333333334,"value":{"__type__":"cc.Vec3","z":-1200}},{"frame":0.9166666666666666,"value":{"__type__":"cc.Vec3","z":-1320}}]}},"events":[{"frame":0.9333333333333333,"func":"DestroyVirus","params":[]}]},{"__type__":"cc.SpriteFrame","content":{"name":"Asset 6","texture":"18ZPSnjRZM84V0+7NdjBJc","rect":[0,0,314,304],"offset":[0,0],"originalSize":[314,304],"capInsets":[0,0,0,0]}},{"__type__":"cc.SpriteFrame","content":{"name":"default_sprite_splash","texture":"02delMVqdBD70a/HSD99FK","rect":[0,0,2,2],"offset":[0,0],"originalSize":[2,2],"capInsets":[0,0,0,0]}},{"__type__":"cc.SpriteFrame","content":{"name":"Asset 14","texture":"2d9iY5wzVFqrOY6Bg81uGq","rect":[4,5,593,147],"offset":[-2,1],"originalSize":[605,159],"capInsets":[0,0,0,0]}},{"__type__":"cc.SpriteFrame","content":{"name":"Asset 9","texture":"daLu7+ExhJq64fpQmZEfkk","rect":[1,0,102,88],"offset":[0.5,0],"originalSize":[103,88],"capInsets":[0,0,0,0]}},{"__type__":"cc.SpriteFrame","content":{"name":"Covid-05","texture":"c7CqqfCmFN3ZTGxtF3NiRI","rect":[0,0,1242,2208],"offset":[0,0],"originalSize":[1242,2208],"capInsets":[0,0,0,0]}},{"__type__":"cc.SpriteFrame","content":{"name":"Asset 4","texture":"b6IEGrVxtKIoiTQIdwIoPk","rect":[0,0,468,137],"offset":[0,0],"originalSize":[468,137],"capInsets":[0,0,0,0]}},{"__type__":"cc.SpriteFrame","content":{"name":"Asset 10","texture":"6eZpt6F9ZM+q/V62TwUs0j","rect":[0,0,107,107],"offset":[0,0],"originalSize":[107,107],"capInsets":[0,0,0,0]}},[{"__type__":"cc.Prefab","_name":"Parent","data":{"__id__":1}},{"__type__":"cc.Node","_name":"Parent","_prefab":{"__type__":"cc.PrefabInfo","root":{"__id__":1},"asset":{"__id__":0},"fileId":"90CFn7sfFBj76pXIKLHXVn"},"_trs":{"__type__":"TypedArray","ctor":"Float64Array","array":[0,0,0,0,0,0,1,1,1,1]}}],[{"__type__":"cc.Prefab","_name":"Virus2","data":{"__id__":1}},{"__type__":"cc.Node","_name":"Virus2","_components":[{"__type__":"cc.Sprite","node":{"__id__":1},"_materials":[{"__uuid__":"ecpdLyjvZBwrvm+cedCcQy"}],"_spriteFrame":{"__uuid__":"99QWD9rI1HMoyXwLTuzhqu"}},{"__type__":"cc.CircleCollider","node":{"__id__":1},"tag":1,"_radius":120},{"__type__":"0eee1L8D6dNCrX5WxAaRAIr","node":{"__id__":1},"posXMin":-450,"posXMax":450,"score":10},{"__type__":"cc.Animation","node":{"__id__":1},"_defaultClip":{"__uuid__":"4b8fDZQb1F1ZAWsgWF/iKv"},"_clips":[{"__uuid__":"4b8fDZQb1F1ZAWsgWF/iKv"}]}],"_prefab":{"__type__":"cc.PrefabInfo","root":{"__id__":1},"asset":{"__uuid__":"e8HRXFxOpE2qRYSBch6BH5"},"fileId":"a4ELJmGMhIgLSAO32or/BW"},"_contentSize":{"__type__":"cc.Size","width":314,"height":304},"_trs":{"__type__":"TypedArray","ctor":"Float64Array","array":[0,130.707,0,0,0,0,1,1,1,1]},"_groupIndex":1,"groupIndex":1}],{"__type__":"cc.SpriteFrame","content":{"name":"Asset 15","texture":"d5T5zHSnhBlaqt5XdzExfX","rect":[0,0,324,94],"offset":[0,0],"originalSize":[324,94],"capInsets":[0,0,0,0]}},[{"__type__":"cc.Prefab","_name":"Virus1","data":{"__id__":1}},{"__type__":"cc.Node","_name":"Virus1","_components":[{"__type__":"cc.Sprite","node":{"__id__":1},"_materials":[{"__uuid__":"ecpdLyjvZBwrvm+cedCcQy"}],"_spriteFrame":{"__uuid__":"ff2H4Mvf9Gt7STaTrVlI5v"}},{"__type__":"cc.CircleCollider","node":{"__id__":1},"tag":1,"_radius":120},{"__type__":"0eee1L8D6dNCrX5WxAaRAIr","node":{"__id__":1},"posXMin":-450,"posXMax":450,"score":6,"startMove":1},{"__type__":"cc.Animation","node":{"__id__":1},"_defaultClip":{"__uuid__":"13uknYgtlKYqGyTs2wBzwa"},"_clips":[{"__uuid__":"13uknYgtlKYqGyTs2wBzwa"}]}],"_prefab":{"__type__":"cc.PrefabInfo","root":{"__id__":1},"asset":{"__uuid__":"ffr/XOf7pPLLp96mEp6HtT"},"fileId":"1aF4+UTfxHd62rxyoaaroG"},"_contentSize":{"__type__":"cc.Size","width":305,"height":289},"_trs":{"__type__":"TypedArray","ctor":"Float64Array","array":[0,-200,0,0,0,0,1,1,1,1]}}],{"__type__":"cc.SpriteFrame","content":{"name":"Asset 5","texture":"eerYYsEUBImqRujNCqeu7b","rect":[0,0,305,289],"offset":[0,0],"originalSize":[305,289],"capInsets":[0,0,0,0]}}]